{"name":"ting_server_demo","version":"1.0.2","description":"为Ting.js准备的server demo","main":"index.js","scripts":{"test":"echo \"Error: no test specified\" && exit 1"},"repository":{"type":"git","url":"git+https://github.com/294678380/Ting.js_server_demo.git"},"author":"","license":"ISC","bugs":{"url":"https://github.com/294678380/Ting.js_server_demo/issues"},"homepage":"https://github.com/294678380/Ting.js_server_demo#readme","dependencies":{"express":"^4.15.3","ting.js":"^1.1.10"},"doc":{"path":"E:\\git\\Ting.js_server_demo\\doc\\","files":["html","json","test"],"addFiles":{}},"pages":[{"brie":"首页","desc":"这是首页的整体说明","path":"/","class":"Home","rules":{"get":[{"brie":"这是首页的get访问方法","desc":"返回了hello world","path":"/","Examination":true,"controller":[null],"codeView":["getHome(req,res,next){\r\n\t\tres.send(\"hello world\");\r\n\t}"]}]}},{"brie":"这是page页","desc":"这是page页的整体说明","path":"/pages","class":"Page","rules":{"get":[{"brie":"这是page页get访问方法","desc":"必须要传入get查询参数?s=hello","path":"/","Examination":true,"controller":[null],"ver":{"query":{"s":{}}},"codeView":["getPage(req,res,next){\r\n\t\t/*\r\n\t\t\t配置中的ver验证，如果失败会将失败信息挂在req._typeError中 判断它\r\n\t\t*/\r\n\t\tif(req._typeError){\r\n\t\t\tres.send(req._typeError);\r\n\t\t\treturn next();\r\n\t\t}\r\n\t\t\r\n\t\tres.send(\"hello page\");\r\n\t}"]}]}}]}